<?xml version="1.0" encoding="UTF-8" standalone="yes"?>
<addon id="plugin.video.cozytv" name="Cozy TV" version="1.0.0" provider-name="tracey-fans">
  <requires>
    <import addon="xbmc.python" version="2.26.0"/>
    <import addon="script.module.requests" version="2.12.4"/>
    <import addon="script.module.future" version="0.17.1"/>
  </requires>
  <extension point="xbmc.python.pluginsource" library="main.py">
    <provides>video</provides>
  </extension>
  <extension point="xbmc.addon.metadata">
    <reuselanguageinvoker>true</reuselanguageinvoker>
    <summary lang="en_GB">Cozy TV</summary>
    <description lang="en_GB">Cozy TV</description>
    <disclaimer lang="en_GB">The use of this add-on may not be legal in your country of residence - please check with your local laws before installing.</disclaimer>
    <assets>
      <icon>resources/media/icon.png</icon>
      <fanart>resources/media/fanart.jpg</fanart>
      <screenshot>resources/media/screenshot-01.jpg</screenshot>
      <screenshot>resources/media/screenshot-02.jpg</screenshot>
      <screenshot>resources/media/screenshot-03.jpg</screenshot>
    </assets>
    <language>en</language>
    <platform>all</platform>
    <license>MIT</license>
    <website>https://cozy.tv</website>
    <email></email>
    <forum></forum>
    <source>https://github.com/tracey-fans/plugin.video.cozytv</source>
    <news>
Currently work in progress
    </news>
  </extension>
</addon>
